run_id,label,status,fate,seed,m,s,f,k,p,W,pred,osc,comp,ctrl,ticks,events,flight,front,height,max_width,d_front,d_span,d_s,D_causal,transient,hold,c1_target,c1b_decade,c2_stat,c3_spec,c4_caus
camp-blocks-W_128-5a367ca4de,camp-blocks-W_128,stalled,gel,vee,32,2,2,2,3,128,block_zero,rot_birth,fold_rot_xor,,4097,3,6,3,1,2,,,,,,,False,False,False,False,False
camp-blocks-W_16-196749a23a,camp-blocks-W_16,stalled,gel,vee,32,2,2,2,3,16,block_zero,rot_birth,fold_rot_xor,,4097,3,6,3,1,2,,,,,,,False,False,False,False,False
camp-blocks-W_32-776cc3deda,camp-blocks-W_32,stalled,gel,vee,32,2,2,2,3,32,block_zero,rot_birth,fold_rot_xor,,4097,3,6,3,1,2,,,,,,,False,False,False,False,False
camp-blocks-W_4-d8a2d6977c,camp-blocks-W_4,stalled,gel,vee,32,2,2,2,3,4,block_zero,rot_birth,fold_rot_xor,,4097,3,6,3,1,2,,,,,,,False,False,False,False,False
camp-blocks-W_64-881e92e02c,camp-blocks-W_64,stalled,gel,vee,32,2,2,2,3,64,block_zero,rot_birth,fold_rot_xor,,4097,3,6,3,1,2,,,,,,,False,False,False,False,False
camp-blocks-W_8-ebf62cd1b0,camp-blocks-W_8,stalled,gel,vee,32,2,2,2,3,8,block_zero,rot_birth,fold_rot_xor,,4097,3,6,3,1,2,,,,,,,False,False,False,False,False
camp-blocks-compose_rule_fold_mul_add-3c612273c4,camp-blocks-compose_rule_fold_mul_add,stalled,gel,vee,32,2,2,2,3,16,block_zero,rot_birth,fold_mul_add,,4097,3,6,3,1,2,,,,,,,False,False,False,False,False
camp-blocks-compose_rule_fold_rot_xor-196749a23a,camp-blocks-compose_rule_fold_rot_xor,stalled,gel,vee,32,2,2,2,3,16,block_zero,rot_birth,fold_rot_xor,,4097,3,6,3,1,2,,,,,,,False,False,False,False,False
camp-blocks-ctrl_no_causality-7bafbe96de,camp-blocks-ctrl_no_causality,stalled,gel,vee,32,2,2,2,3,16,block_zero,rot_birth,fold_rot_xor,no_caus,4097,3,6,3,1,2,,,,,,,False,False,False,False,False
camp-blocks-ctrl_p_inf-cb7cd620f9,camp-blocks-ctrl_p_inf,stalled,gel,vee,32,2,2,2,3,16,block_zero,rot_birth,fold_rot_xor,p_inf,4097,3,6,3,1,2,,,,,,,False,False,False,False,False
camp-blocks-ctrl_trivial-e524b3af3a,camp-blocks-ctrl_trivial,completed,soutenu,vee,32,2,2,2,3,16,block_zero,rot_birth,fold_rot_xor,trivial,20000,40003,6,3,20001,2,,,,1.0231264766317412,,,False,False,False,False,False
camp-blocks-f_2-196749a23a,camp-blocks-f_2,stalled,gel,vee,32,2,2,2,3,16,block_zero,rot_birth,fold_rot_xor,,4097,3,6,3,1,2,,,,,,,False,False,False,False,False
camp-blocks-f_3-dc5e300620,camp-blocks-f_3,stalled,gel,vee,32,2,3,2,3,16,block_zero,rot_birth,fold_rot_xor,,4097,3,9,3,1,2,,,,,,,False,False,False,False,False
camp-blocks-f_4-5675b753b3,camp-blocks-f_4,stalled,gel,vee,32,2,4,2,3,16,block_zero,rot_birth,fold_rot_xor,,4097,3,12,3,1,2,,,,,,,False,False,False,False,False
camp-blocks-k_2-196749a23a,camp-blocks-k_2,stalled,gel,vee,32,2,2,2,3,16,block_zero,rot_birth,fold_rot_xor,,4097,3,6,3,1,2,,,,,,,False,False,False,False,False
camp-blocks-k_3-3099e49129,camp-blocks-k_3,stalled,gel,vee,32,2,2,3,3,16,block_zero,rot_birth,fold_rot_xor,,4097,3,6,3,1,2,,,,,,,False,False,False,False,False
camp-blocks-m_16-d6f6a35f7a,camp-blocks-m_16,stalled,gel,vee,16,2,2,2,3,16,block_zero,rot_birth,fold_rot_xor,,4097,3,6,3,1,2,,,,,,,False,False,False,False,False
camp-blocks-m_24-aaf3cad1e1,camp-blocks-m_24,stalled,gel,vee,24,2,2,2,3,16,block_zero,rot_birth,fold_rot_xor,,4097,3,6,3,1,2,,,,,,,False,False,False,False,False
camp-blocks-m_32-196749a23a,camp-blocks-m_32,stalled,gel,vee,32,2,2,2,3,16,block_zero,rot_birth,fold_rot_xor,,4097,3,6,3,1,2,,,,,,,False,False,False,False,False
camp-blocks-m_48-4cb4d25d20,camp-blocks-m_48,stalled,gel,vee,48,2,2,2,3,16,block_zero,rot_birth,fold_rot_xor,,4120,4,6,4,2,2,,0.0,,,,,False,False,False,False,False
camp-blocks-m_64-6b054fbc38,camp-blocks-m_64,stalled,gel,vee,64,2,2,2,3,16,block_zero,rot_birth,fold_rot_xor,,4097,3,6,3,1,2,,,,,,,False,False,False,False,False
camp-blocks-osc_rule_rot1_xor-f4cc98f465,camp-blocks-osc_rule_rot1_xor,stalled,gel,vee,32,2,2,2,3,16,block_zero,rot1_xor,fold_rot_xor,,4097,3,6,3,1,2,,,,,,,False,False,False,False,False
camp-blocks-osc_rule_rot_birth-196749a23a,camp-blocks-osc_rule_rot_birth,stalled,gel,vee,32,2,2,2,3,16,block_zero,rot_birth,fold_rot_xor,,4097,3,6,3,1,2,,,,,,,False,False,False,False,False
camp-blocks-p_1-f10437406a,camp-blocks-p_1,stalled,gel,vee,32,2,2,2,1,16,block_zero,rot_birth,fold_rot_xor,,4097,3,6,3,1,2,,,,,,,False,False,False,False,False
camp-blocks-p_2-ac98595245,camp-blocks-p_2,stalled,gel,vee,32,2,2,2,2,16,block_zero,rot_birth,fold_rot_xor,,4097,3,6,3,1,2,,,,,,,False,False,False,False,False
camp-blocks-p_3-196749a23a,camp-blocks-p_3,stalled,gel,vee,32,2,2,2,3,16,block_zero,rot_birth,fold_rot_xor,,4097,3,6,3,1,2,,,,,,,False,False,False,False,False
camp-blocks-p_4-283f0c49f4,camp-blocks-p_4,stalled,gel,vee,32,2,2,2,4,16,block_zero,rot_birth,fold_rot_xor,,4097,3,6,3,1,2,,,,,,,False,False,False,False,False
camp-blocks-p_5-04e687e711,camp-blocks-p_5,stalled,gel,vee,32,2,2,2,5,16,block_zero,rot_birth,fold_rot_xor,,4097,3,6,3,1,2,,,,,,,False,False,False,False,False
camp-blocks-predicate_block_zero-196749a23a,camp-blocks-predicate_block_zero,stalled,gel,vee,32,2,2,2,3,16,block_zero,rot_birth,fold_rot_xor,,4097,3,6,3,1,2,,,,,,,False,False,False,False,False
camp-blocks-predicate_hamming-1ce9ef62f4,camp-blocks-predicate_hamming,stalled,gel,vee,32,2,2,2,3,16,hamming,rot_birth,fold_rot_xor,,4097,3,6,3,1,2,,,,,,,False,False,False,False,False
camp-blocks-s_10-8622eaa876,camp-blocks-s_10,stalled,gel,vee,32,10,2,2,3,16,block_zero,rot_birth,fold_rot_xor,,4097,3,6,3,1,2,,,,,,,False,False,False,False,False
camp-blocks-s_12-c3b2f94daf,camp-blocks-s_12,stalled,gel,vee,32,12,2,2,3,16,block_zero,rot_birth,fold_rot_xor,,4097,3,6,3,1,2,,,,,,,False,False,False,False,False
camp-blocks-s_13-fd968e0c16,camp-blocks-s_13,stalled,gel,vee,32,13,2,2,3,16,block_zero,rot_birth,fold_rot_xor,,4097,3,6,3,1,2,,,,,,,False,False,False,False,False
camp-blocks-s_14-f0b251b295,camp-blocks-s_14,stalled,gel,vee,32,14,2,2,3,16,block_zero,rot_birth,fold_rot_xor,,4097,3,6,3,1,2,,,,,,,False,False,False,False,False
camp-blocks-s_15-b113fbbf23,camp-blocks-s_15,stalled,gel,vee,32,15,2,2,3,16,block_zero,rot_birth,fold_rot_xor,,4097,3,6,3,1,2,,,,,,,False,False,False,False,False
camp-blocks-s_16-d7fcd0e1e0,camp-blocks-s_16,stalled,gel,vee,32,16,2,2,3,16,block_zero,rot_birth,fold_rot_xor,,4097,3,6,3,1,2,,,,,,,False,False,False,False,False
camp-blocks-s_18-a34f3c38a5,camp-blocks-s_18,stalled,gel,vee,32,18,2,2,3,16,block_zero,rot_birth,fold_rot_xor,,4097,3,6,3,1,2,,,,,,,False,False,False,False,False
camp-blocks-s_20-f146ba09a9,camp-blocks-s_20,stalled,gel,vee,32,20,2,2,3,16,block_zero,rot_birth,fold_rot_xor,,4097,3,6,3,1,2,,,,,,,False,False,False,False,False
camp-blocks-s_24-da1735b9be,camp-blocks-s_24,stalled,gel,vee,32,24,2,2,3,16,block_zero,rot_birth,fold_rot_xor,,4097,3,6,3,1,2,,,,,,,False,False,False,False,False
camp-blocks-s_8-9b19a989f3,camp-blocks-s_8,stalled,gel,vee,32,8,2,2,3,16,block_zero,rot_birth,fold_rot_xor,,4097,3,6,3,1,2,,,,,,,False,False,False,False,False
camp-blocks-seed_braid6-9354bc7c48,camp-blocks-seed_braid6,stalled,gel,braid6,32,2,2,2,3,16,block_zero,rot_birth,fold_rot_xor,,4097,6,12,6,2,3,,0.0,1.254521123237344,,,,False,False,False,False,False
camp-blocks-seed_vee-196749a23a,camp-blocks-seed_vee,stalled,gel,vee,32,2,2,2,3,16,block_zero,rot_birth,fold_rot_xor,,4097,3,6,3,1,2,,,,,,,False,False,False,False,False
camp-blocks-seed_wedge4-2778933ab8,camp-blocks-seed_wedge4,stalled,gel,wedge4,32,2,2,2,3,16,block_zero,rot_birth,fold_rot_xor,,4097,4,8,4,1,2,,0.0,,,,,False,False,False,False,False
camp-blocks-size-max_ticks_20000-651b0deec3,camp-blocks-size-max_ticks_20000,stalled,gel,vee,32,2,2,2,3,16,block_zero,rot_birth,fold_rot_xor,,4097,3,6,3,1,2,,,,,,,False,False,False,False,False
camp-blocks-size-max_ticks_320000-3cc46a32e6,camp-blocks-size-max_ticks_320000,stalled,gel,vee,32,2,2,2,3,16,block_zero,rot_birth,fold_rot_xor,,4097,3,6,3,1,2,,,,,,,False,False,False,False,False
camp-blocks-size-max_ticks_5000-d3c55cbbd5,camp-blocks-size-max_ticks_5000,stalled,gel,vee,32,2,2,2,3,16,block_zero,rot_birth,fold_rot_xor,,4097,3,6,3,1,2,,,,,,,False,False,False,False,False
camp-blocks-size-max_ticks_80000-fbd41009ad,camp-blocks-size-max_ticks_80000,stalled,gel,vee,32,2,2,2,3,16,block_zero,rot_birth,fold_rot_xor,,4097,3,6,3,1,2,,,,,,,False,False,False,False,False
camp-filament-W_128-33e0be8822,camp-filament-W_128,stalled,gel,vee,32,14,2,2,3,128,hamming,rot_birth,fold_rot_xor,,11021,9260,4,3,5174,3,,,,0.9904275809229885,,,False,False,False,False,False
camp-filament-W_16-fda64fa700,camp-filament-W_16,stalled,gel,vee,32,14,2,2,3,16,hamming,rot_birth,fold_rot_xor,,11021,9260,3,2,5174,3,,,,0.9904275809229885,,,False,False,False,False,False
camp-filament-W_32-5868b81114,camp-filament-W_32,stalled,gel,vee,32,14,2,2,3,32,hamming,rot_birth,fold_rot_xor,,11021,9260,3,2,5174,3,,,,0.9904275809229885,,,False,False,False,False,False
camp-filament-W_4-b07cbe73fa,camp-filament-W_4,stalled,gel,vee,32,14,2,2,3,4,hamming,rot_birth,fold_rot_xor,,5126,1601,3,2,812,3,,,,1.061255602887988,,,False,False,False,False,False
camp-filament-W_64-9fce55f8fb,camp-filament-W_64,stalled,gel,vee,32,14,2,2,3,64,hamming,rot_birth,fold_rot_xor,,11021,9260,4,3,5174,3,,,,0.9904275809229885,,,False,False,False,False,False
camp-filament-W_8-d0a693c01c,camp-filament-W_8,stalled,gel,vee,32,14,2,2,3,8,hamming,rot_birth,fold_rot_xor,,11021,9260,3,2,5174,3,,,,0.9904275809229885,,,False,False,False,False,False
camp-filament-compose_rule_fold_mul_add-30d6f5e167,camp-filament-compose_rule_fold_mul_add,completed,soutenu,vee,32,14,2,2,3,16,hamming,rot_birth,fold_mul_add,,20000,35448,4,2,16864,3,,,,1.045807735176652,,,False,False,False,False,False
camp-filament-compose_rule_fold_rot_xor-fda64fa700,camp-filament-compose_rule_fold_rot_xor,stalled,gel,vee,32,14,2,2,3,16,hamming,rot_birth,fold_rot_xor,,11021,9260,3,2,5174,3,,,,0.9904275809229885,,,False,False,False,False,False
camp-filament-ctrl_no_causality-41d8759798,camp-filament-ctrl_no_causality,completed,soutenu,vee,32,14,2,2,3,16,hamming,rot_birth,fold_rot_xor,no_caus,20000,36877,6,3,17270,3,,,,1.050671271075828,,,False,False,False,False,False
camp-filament-ctrl_p_inf-7fda172663,camp-filament-ctrl_p_inf,completed,soutenu,vee,32,14,2,2,3,16,hamming,rot_birth,fold_rot_xor,p_inf,20000,36968,6,3,17306,3,,,,1.0442882558127708,,,False,False,False,False,False
camp-filament-ctrl_trivial-b3b2f7006e,camp-filament-ctrl_trivial,completed,soutenu,vee,32,14,2,2,3,16,hamming,rot_birth,fold_rot_xor,trivial,20000,40003,6,3,20001,2,,,,1.0231264766317412,,,False,False,False,False,False
camp-filament-f_2-fda64fa700,camp-filament-f_2,stalled,gel,vee,32,14,2,2,3,16,hamming,rot_birth,fold_rot_xor,,11021,9260,3,2,5174,3,,,,0.9904275809229885,,,False,False,False,False,False
camp-filament-f_3-6c5a490379,camp-filament-f_3,candidate_explosion,explosion,vee,32,14,3,2,3,16,hamming,rot_birth,fold_rot_xor,,22,24712,24718,8247,22,6474,,,,2.0018032421982506,,,False,False,False,False,False
camp-filament-f_4-0e4c9e962b,camp-filament-f_4,candidate_explosion,explosion,vee,32,14,4,2,3,16,hamming,rot_birth,fold_rot_xor,,12,9103,18212,4553,12,4552,,,,1.331894787089177,,,False,False,False,False,False
camp-filament-k_2-fda64fa700,camp-filament-k_2,stalled,gel,vee,32,14,2,2,3,16,hamming,rot_birth,fold_rot_xor,,11021,9260,3,2,5174,3,,,,0.9904275809229885,,,False,False,False,False,False
camp-filament-k_3-17423f4be5,camp-filament-k_3,stalled,gel,vee,32,14,2,3,3,16,hamming,rot_birth,fold_rot_xor,,4116,7,2,1,5,2,,,,,,,False,False,False,False,False
camp-filament-long_s16-6d41adc96c,camp-filament-long_s16,completed,soutenu,vee,32,16,2,2,3,16,hamming,rot_birth,fold_rot_xor,,160000,361427,6,3,155128,3,,,,1.0527793391370697,,,False,False,False,False,False
camp-filament-m_16-9241fd140a,camp-filament-m_16,completed,soutenu,vee,16,14,2,2,3,16,hamming,rot_birth,fold_rot_xor,,20000,40008,6,3,20001,3,,,,1.0231264766317412,,,False,False,False,False,False
camp-filament-m_24-1eac5a5be4,camp-filament-m_24,completed,soutenu,vee,24,14,2,2,3,16,hamming,rot_birth,fold_rot_xor,,20000,43291,6,3,19980,3,,,,1.0374190797540748,,,False,False,False,False,False
camp-filament-m_32-fda64fa700,camp-filament-m_32,stalled,gel,vee,32,14,2,2,3,16,hamming,rot_birth,fold_rot_xor,,11021,9260,3,2,5174,3,,,,0.9904275809229885,,,False,False,False,False,False
camp-filament-m_48-25667a476b,camp-filament-m_48,stalled,gel,vee,48,14,2,2,3,16,hamming,rot_birth,fold_rot_xor,,4120,4,6,4,2,2,,0.0,,,,,False,False,False,False,False
camp-filament-m_64-2ffcf5b150,camp-filament-m_64,stalled,gel,vee,64,14,2,2,3,16,hamming,rot_birth,fold_rot_xor,,4097,3,6,3,1,2,,,,,,,False,False,False,False,False
camp-filament-osc_rule_rot1_xor-6d7a13657f,camp-filament-osc_rule_rot1_xor,stalled,gel,vee,32,14,2,2,3,16,hamming,rot1_xor,fold_rot_xor,,12182,7729,3,2,5068,3,,,,1.0171751499858004,,,False,False,False,False,False
camp-filament-osc_rule_rot_birth-fda64fa700,camp-filament-osc_rule_rot_birth,stalled,gel,vee,32,14,2,2,3,16,hamming,rot_birth,fold_rot_xor,,11021,9260,3,2,5174,3,,,,0.9904275809229885,,,False,False,False,False,False
camp-filament-p_1-88113bfe92,camp-filament-p_1,stalled,gel,vee,32,14,2,2,1,16,hamming,rot_birth,fold_rot_xor,,4612,258,3,2,239,2,,,,0.9344030340715113,,,False,False,False,False,False
camp-filament-p_2-a2541a6644,camp-filament-p_2,stalled,gel,vee,32,14,2,2,2,16,hamming,rot_birth,fold_rot_xor,,5349,702,3,2,642,3,,,,0.9495645104522964,,,False,False,False,False,False
camp-filament-p_3-fda64fa700,camp-filament-p_3,stalled,gel,vee,32,14,2,2,3,16,hamming,rot_birth,fold_rot_xor,,11021,9260,3,2,5174,3,,,,0.9904275809229885,,,False,False,False,False,False
camp-filament-p_4-c9e2bb247f,camp-filament-p_4,completed,soutenu,vee,32,14,2,2,4,16,hamming,rot_birth,fold_rot_xor,,20000,36968,6,3,17306,3,,,,1.0442882558127708,,,False,False,False,False,False
camp-filament-p_5-5e9dd0c4ed,camp-filament-p_5,completed,soutenu,vee,32,14,2,2,5,16,hamming,rot_birth,fold_rot_xor,,20000,36968,6,3,17306,3,,,,1.0442882558127708,,,False,False,False,False,False
camp-filament-predicate_block_zero-f0b251b295,camp-filament-predicate_block_zero,stalled,gel,vee,32,14,2,2,3,16,block_zero,rot_birth,fold_rot_xor,,4097,3,6,3,1,2,,,,,,,False,False,False,False,False
camp-filament-predicate_hamming-fda64fa700,camp-filament-predicate_hamming,stalled,gel,vee,32,14,2,2,3,16,hamming,rot_birth,fold_rot_xor,,11021,9260,3,2,5174,3,,,,0.9904275809229885,,,False,False,False,False,False
camp-filament-s_10-b8d0827896,camp-filament-s_10,stalled,gel,vee,32,10,2,2,3,16,hamming,rot_birth,fold_rot_xor,,4529,69,4,3,51,2,,,,0.9796723835834966,,,False,False,False,False,False
camp-filament-s_12-38b15fad00,camp-filament-s_12,stalled,gel,vee,32,12,2,2,3,16,hamming,rot_birth,fold_rot_xor,,5264,915,4,3,585,3,,,,1.0083048680096904,,,False,False,False,False,False
camp-filament-s_13-45b6711a41,camp-filament-s_13,stalled,gel,vee,32,13,2,2,3,16,hamming,rot_birth,fold_rot_xor,,6824,2602,3,2,1684,3,,,,1.0139604916791813,,,False,False,False,False,False
camp-filament-s_14-fda64fa700,camp-filament-s_14,stalled,gel,vee,32,14,2,2,3,16,hamming,rot_birth,fold_rot_xor,,11021,9260,3,2,5174,3,,,,0.9904275809229885,,,False,False,False,False,False
camp-filament-s_15-8e7572facf,camp-filament-s_15,completed,soutenu,vee,32,15,2,2,3,16,hamming,rot_birth,fold_rot_xor,,20000,42293,6,4,18636,3,,0.0,,1.02480650802571,,,False,False,False,False,False
camp-filament-s_16-08a0dc9df1,camp-filament-s_16,completed,soutenu,vee,32,16,2,2,3,16,hamming,rot_birth,fold_rot_xor,,20000,45136,6,3,19388,3,,,,1.0333743289646036,,,False,False,False,False,False
camp-filament-s_18-4062237e1b,camp-filament-s_18,completed,soutenu,vee,32,18,2,2,3,16,hamming,rot_birth,fold_rot_xor,,20000,43885,6,4,19968,3,,0.0,,1.0367193057541397,,,False,False,False,False,False
camp-filament-s_20-b15b538311,camp-filament-s_20,completed,soutenu,vee,32,20,2,2,3,16,hamming,rot_birth,fold_rot_xor,,20000,41206,6,3,20000,3,,,,1.0202451808172617,,,False,False,False,False,False
camp-filament-s_24-4c7971b2af,camp-filament-s_24,completed,soutenu,vee,32,24,2,2,3,16,hamming,rot_birth,fold_rot_xor,,20000,40037,6,3,20001,3,,,,1.0238166046687718,,,False,False,False,False,False
camp-filament-s_8-da90da2e7c,camp-filament-s_8,stalled,gel,vee,32,8,2,2,3,16,hamming,rot_birth,fold_rot_xor,,4097,3,6,3,1,2,,,,,,,False,False,False,False,False
camp-filament-seed_braid6-7fd8bf5fd0,camp-filament-seed_braid6,stalled,gel,braid6,32,14,2,2,3,16,hamming,rot_birth,fold_rot_xor,,9748,20813,3,2,5001,6,,,,1.1659782553825946,,,False,False,False,False,False
camp-filament-seed_vee-fda64fa700,camp-filament-seed_vee,stalled,gel,vee,32,14,2,2,3,16,hamming,rot_birth,fold_rot_xor,,11021,9260,3,2,5174,3,,,,0.9904275809229885,,,False,False,False,False,False
camp-filament-seed_wedge4-c9c159243a,camp-filament-seed_wedge4,stalled,gel,wedge4,32,14,2,2,3,16,hamming,rot_birth,fold_rot_xor,,10986,9975,3,2,5164,4,,,,1.01904936099906,,,False,False,False,False,False
camp-filament-size-max_ticks_20000-9e68565aaf,camp-filament-size-max_ticks_20000,stalled,gel,vee,32,14,2,2,3,16,hamming,rot_birth,fold_rot_xor,,11021,9260,3,2,5174,3,,,,0.9904275809229885,,,False,False,False,False,False
camp-filament-size-max_ticks_320000-c238f9962c,camp-filament-size-max_ticks_320000,stalled,gel,vee,32,14,2,2,3,16,hamming,rot_birth,fold_rot_xor,,11021,9260,3,2,5174,3,,,,0.9904275809229885,,,False,False,False,False,False
camp-filament-size-max_ticks_5000-fa8c413243,camp-filament-size-max_ticks_5000,completed,soutenu,vee,32,14,2,2,3,16,hamming,rot_birth,fold_rot_xor,,5000,7522,4,2,3970,3,,,,1.0208221740994647,,,False,False,False,False,False
camp-filament-size-max_ticks_80000-bc14c57592,camp-filament-size-max_ticks_80000,stalled,gel,vee,32,14,2,2,3,16,hamming,rot_birth,fold_rot_xor,,11021,9260,3,2,5174,3,,,,0.9904275809229885,,,False,False,False,False,False
camp-triadic-W_128-41c77d1222,camp-triadic-W_128,stalled,gel,vee,32,12,3,3,3,128,hamming,rot_birth,fold_rot_xor,,4751,107,9,5,84,2,,0.0,1.9220559022889496e-15,1.0041221496722135,,,False,False,False,False,False
camp-triadic-W_16-efe3639e5d,camp-triadic-W_16,stalled,gel,vee,32,12,3,3,3,16,hamming,rot_birth,fold_rot_xor,,4751,107,9,5,84,2,,0.0,1.9220559022889496e-15,1.0041221496722135,,,False,False,False,False,False
camp-triadic-W_32-6217e11e0f,camp-triadic-W_32,stalled,gel,vee,32,12,3,3,3,32,hamming,rot_birth,fold_rot_xor,,4751,107,9,5,84,2,,0.0,1.9220559022889496e-15,1.0041221496722135,,,False,False,False,False,False
camp-triadic-W_4-b3c36fc265,camp-triadic-W_4,stalled,gel,vee,32,12,3,3,3,4,hamming,rot_birth,fold_rot_xor,,4150,19,7,3,13,2,,,,0.9502206301924744,,,False,False,False,False,False
camp-triadic-W_64-c1770364a1,camp-triadic-W_64,stalled,gel,vee,32,12,3,3,3,64,hamming,rot_birth,fold_rot_xor,,4751,107,9,5,84,2,,0.0,1.9220559022889496e-15,1.0041221496722135,,,False,False,False,False,False
camp-triadic-W_8-c6e0671acb,camp-triadic-W_8,stalled,gel,vee,32,12,3,3,3,8,hamming,rot_birth,fold_rot_xor,,4204,26,8,6,19,2,,0.0,1.4111954329844494,0.9725630728634549,,,False,False,False,False,False
camp-triadic-compose_rule_fold_mul_add-c08cc59b0f,camp-triadic-compose_rule_fold_mul_add,stalled,gel,vee,32,12,3,3,3,16,hamming,rot_birth,fold_mul_add,,4161,14,9,5,11,2,,0.0,1.9220559022889496e-15,0.8626850578980791,,,False,False,False,False,False
camp-triadic-compose_rule_fold_rot_xor-efe3639e5d,camp-triadic-compose_rule_fold_rot_xor,stalled,gel,vee,32,12,3,3,3,16,hamming,rot_birth,fold_rot_xor,,4751,107,9,5,84,2,,0.0,1.9220559022889496e-15,1.0041221496722135,,,False,False,False,False,False
camp-triadic-ctrl_no_causality-acf6a5c270,camp-triadic-ctrl_no_causality,stalled,gel,vee,32,12,3,3,3,16,hamming,rot_birth,fold_rot_xor,no_caus,4751,107,9,5,84,2,,0.0,1.9220559022889496e-15,1.0041221496722135,,,False,False,False,False,False
camp-triadic-ctrl_p_inf-64c1b04783,camp-triadic-ctrl_p_inf,stalled,gel,vee,32,12,3,3,3,16,hamming,rot_birth,fold_rot_xor,p_inf,4751,107,9,5,84,2,,0.0,1.9220559022889496e-15,1.0041221496722135,,,False,False,False,False,False
camp-triadic-ctrl_trivial-b468eae066,camp-triadic-ctrl_trivial,completed,soutenu,vee,32,12,3,3,3,16,hamming,rot_birth,fold_rot_xor,trivial,20000,40003,9,3,20001,2,,,,1.0231264766317412,,,False,False,False,False,False
camp-triadic-f_2-e69fa001c8,camp-triadic-f_2,stalled,gel,vee,32,12,2,3,3,16,hamming,rot_birth,fold_rot_xor,,4097,3,6,3,1,2,,,,,,,False,False,False,False,False
camp-triadic-f_3-efe3639e5d,camp-triadic-f_3,stalled,gel,vee,32,12,3,3,3,16,hamming,rot_birth,fold_rot_xor,,4751,107,9,5,84,2,,0.0,1.9220559022889496e-15,1.0041221496722135,,,False,False,False,False,False
camp-triadic-f_4-18a330957d,camp-triadic-f_4,candidate_explosion,explosion,vee,32,12,4,3,3,16,hamming,rot_birth,fold_rot_xor,,41,3166,3175,802,30,778,,0.0,0.9667864172845896,1.602123992804487,,,False,False,False,False,False
camp-triadic-k_2-153afa9595,camp-triadic-k_2,candidate_explosion,explosion,vee,32,12,3,2,3,16,hamming,rot_birth,fold_rot_xor,,21,10382,10388,3473,21,3429,1.0542875164750956,2.0,1.0951264773265035,2.539828062988517,,,False,False,False,True,False
camp-triadic-k_3-efe3639e5d,camp-triadic-k_3,stalled,gel,vee,32,12,3,3,3,16,hamming,rot_birth,fold_rot_xor,,4751,107,9,5,84,2,,0.0,1.9220559022889496e-15,1.0041221496722135,,,False,False,False,False,False
camp-triadic-m_16-a5228b62a8,camp-triadic-m_16,completed,soutenu,vee,16,12,3,3,3,16,hamming,rot_birth,fold_rot_xor,,20000,40604,9,3,20001,3,,,,1.0284280657506153,,,False,False,False,False,False
camp-triadic-m_24-951c073a96,camp-triadic-m_24,completed,soutenu,vee,24,12,3,3,3,16,hamming,rot_birth,fold_rot_xor,,20000,41404,9,4,19074,3,,0.0,,1.03484637861207,,,False,False,False,False,False
camp-triadic-m_32-efe3639e5d,camp-triadic-m_32,stalled,gel,vee,32,12,3,3,3,16,hamming,rot_birth,fold_rot_xor,,4751,107,9,5,84,2,,0.0,1.9220559022889496e-15,1.0041221496722135,,,False,False,False,False,False
camp-triadic-m_48-740c3f3a67,camp-triadic-m_48,stalled,gel,vee,48,12,3,3,3,16,hamming,rot_birth,fold_rot_xor,,4097,3,9,3,1,2,,,,,,,False,False,False,False,False
camp-triadic-m_64-83db4a0f07,camp-triadic-m_64,stalled,gel,vee,64,12,3,3,3,16,hamming,rot_birth,fold_rot_xor,,4097,3,9,3,1,2,,,,,,,False,False,False,False,False
camp-triadic-osc_rule_rot1_xor-49fc5de48f,camp-triadic-osc_rule_rot1_xor,stalled,gel,vee,32,12,3,3,3,16,hamming,rot1_xor,fold_rot_xor,,9054,838,8,5,646,3,,0.0,1.9220559022889496e-15,0.9815080514530202,,,False,False,False,False,False
camp-triadic-osc_rule_rot_birth-efe3639e5d,camp-triadic-osc_rule_rot_birth,stalled,gel,vee,32,12,3,3,3,16,hamming,rot_birth,fold_rot_xor,,4751,107,9,5,84,2,,0.0,1.9220559022889496e-15,1.0041221496722135,,,False,False,False,False,False
camp-triadic-p_1-47fc02ffb4,camp-triadic-p_1,stalled,gel,vee,32,12,3,3,1,16,hamming,rot_birth,fold_rot_xor,,4126,7,9,4,5,2,,0.0,,,,,False,False,False,False,False
camp-triadic-p_2-5549253d52,camp-triadic-p_2,stalled,gel,vee,32,12,3,3,2,16,hamming,rot_birth,fold_rot_xor,,4204,26,9,7,19,2,,0.0,1.5081520604025562,0.9725630728634549,,,False,False,False,False,False
camp-triadic-p_3-efe3639e5d,camp-triadic-p_3,stalled,gel,vee,32,12,3,3,3,16,hamming,rot_birth,fold_rot_xor,,4751,107,9,5,84,2,,0.0,1.9220559022889496e-15,1.0041221496722135,,,False,False,False,False,False
camp-triadic-p_4-4e5c92afa9,camp-triadic-p_4,stalled,gel,vee,32,12,3,3,4,16,hamming,rot_birth,fold_rot_xor,,4751,107,9,5,84,2,,0.0,1.9220559022889496e-15,1.0041221496722135,,,False,False,False,False,False
camp-triadic-p_5-5c62244555,camp-triadic-p_5,stalled,gel,vee,32,12,3,3,5,16,hamming,rot_birth,fold_rot_xor,,4751,107,9,5,84,2,,0.0,1.9220559022889496e-15,1.0041221496722135,,,False,False,False,False,False
camp-triadic-predicate_block_zero-3e35063ed1,camp-triadic-predicate_block_zero,stalled,gel,vee,32,12,3,3,3,16,block_zero,rot_birth,fold_rot_xor,,4097,3,9,3,1,2,,,,,,,False,False,False,False,False
camp-triadic-predicate_hamming-efe3639e5d,camp-triadic-predicate_hamming,stalled,gel,vee,32,12,3,3,3,16,hamming,rot_birth,fold_rot_xor,,4751,107,9,5,84,2,,0.0,1.9220559022889496e-15,1.0041221496722135,,,False,False,False,False,False
camp-triadic-s_10-ebb4027279,camp-triadic-s_10,stalled,gel,vee,32,10,3,3,3,16,hamming,rot_birth,fold_rot_xor,,4097,3,9,3,1,2,,,,,,,False,False,False,False,False
camp-triadic-s_12-efe3639e5d,camp-triadic-s_12,stalled,gel,vee,32,12,3,3,3,16,hamming,rot_birth,fold_rot_xor,,4751,107,9,5,84,2,,0.0,1.9220559022889496e-15,1.0041221496722135,,,False,False,False,False,False
camp-triadic-s_13-6fae23d8f9,camp-triadic-s_13,stalled,gel,vee,32,13,3,3,3,16,hamming,rot_birth,fold_rot_xor,,4852,290,7,3,220,3,,,,0.9963952249952136,,,False,False,False,False,False
camp-triadic-s_14-39cc4d4fef,camp-triadic-s_14,stalled,gel,vee,32,14,3,3,3,16,hamming,rot_birth,fold_rot_xor,,12752,6496,5,2,4602,3,,,,0.9739593953848988,,,False,False,False,False,False
camp-triadic-s_15-395477bafa,camp-triadic-s_15,completed,moribond,vee,32,15,3,3,3,16,hamming,rot_birth,fold_rot_xor,,20000,21979,5,3,12906,3,,,,1.0055237741600873,,,False,False,False,False,False
camp-triadic-s_16-f7f0ce8651,camp-triadic-s_16,completed,soutenu,vee,32,16,3,3,3,16,hamming,rot_birth,fold_rot_xor,,20000,40923,9,3,18943,3,,,,1.0377840516771608,,,False,False,False,False,False
camp-triadic-s_18-7a58a5180b,camp-triadic-s_18,completed,soutenu,vee,32,18,3,3,3,16,hamming,rot_birth,fold_rot_xor,,20000,45767,9,4,19667,3,,0.0,,1.025749937603828,,,False,False,False,False,False
camp-triadic-s_20-c136459b39,camp-triadic-s_20,completed,soutenu,vee,32,20,3,3,3,16,hamming,rot_birth,fold_rot_xor,,20000,42868,9,3,19990,3,,,,1.0518857661170034,,,False,False,False,False,False
camp-triadic-s_24-73c275bf1a,camp-triadic-s_24,completed,soutenu,vee,32,24,3,3,3,16,hamming,rot_birth,fold_rot_xor,,20000,40068,9,3,20001,3,,,,1.0238068878066324,,,False,False,False,False,False
camp-triadic-s_8-47bdb42ba4,camp-triadic-s_8,stalled,gel,vee,32,8,3,3,3,16,hamming,rot_birth,fold_rot_xor,,4097,3,9,3,1,2,,,,,,,False,False,False,False,False
camp-triadic-seed_braid6-313b98e0db,camp-triadic-seed_braid6,stalled,gel,braid6,32,12,3,3,3,16,hamming,rot_birth,fold_rot_xor,,6278,1341,9,5,716,4,,0.0,,1.0596626492867687,,,False,False,False,False,False
camp-triadic-seed_vee-efe3639e5d,camp-triadic-seed_vee,stalled,gel,vee,32,12,3,3,3,16,hamming,rot_birth,fold_rot_xor,,4751,107,9,5,84,2,,0.0,1.9220559022889496e-15,1.0041221496722135,,,False,False,False,False,False
camp-triadic-seed_wedge4-7988b62b34,camp-triadic-seed_wedge4,stalled,gel,wedge4,32,12,3,3,3,16,hamming,rot_birth,fold_rot_xor,,5286,351,10,7,243,3,,0.0,1.5675354289629728,1.043133590261249,,,False,False,False,False,False
camp-triadic-size-max_ticks_20000-844a37410b,camp-triadic-size-max_ticks_20000,stalled,gel,vee,32,12,3,3,3,16,hamming,rot_birth,fold_rot_xor,,4751,107,9,5,84,2,,0.0,1.9220559022889496e-15,1.0041221496722135,,,False,False,False,False,False
camp-triadic-size-max_ticks_320000-aebfb80c1c,camp-triadic-size-max_ticks_320000,stalled,gel,vee,32,12,3,3,3,16,hamming,rot_birth,fold_rot_xor,,4751,107,9,5,84,2,,0.0,1.9220559022889496e-15,1.0041221496722135,,,False,False,False,False,False
camp-triadic-size-max_ticks_5000-a5f2edfc81,camp-triadic-size-max_ticks_5000,stalled,gel,vee,32,12,3,3,3,16,hamming,rot_birth,fold_rot_xor,,4751,107,9,5,84,2,,0.0,1.9220559022889496e-15,1.0041221496722135,,,False,False,False,False,False
camp-triadic-size-max_ticks_80000-590a0bf32b,camp-triadic-size-max_ticks_80000,stalled,gel,vee,32,12,3,3,3,16,hamming,rot_birth,fold_rot_xor,,4751,107,9,5,84,2,,0.0,1.9220559022889496e-15,1.0041221496722135,,,False,False,False,False,False
camp-wide_state-W_128-c458c170e0,camp-wide_state-W_128,stalled,gel,vee,64,24,2,2,3,128,hamming,rot_birth,fold_rot_xor,,9914,326,6,3,226,3,,,,0.9961971738157711,,,False,False,False,False,False
camp-wide_state-W_16-5c126f97e2,camp-wide_state-W_16,stalled,gel,vee,64,24,2,2,3,16,hamming,rot_birth,fold_rot_xor,,9914,326,4,2,226,3,,,,0.9961971738157711,,,False,False,False,False,False
camp-wide_state-W_32-266f38c75a,camp-wide_state-W_32,stalled,gel,vee,64,24,2,2,3,32,hamming,rot_birth,fold_rot_xor,,9914,326,4,2,226,3,,,,0.9961971738157711,,,False,False,False,False,False
camp-wide_state-W_4-deb3205736,camp-wide_state-W_4,stalled,gel,vee,64,24,2,2,3,4,hamming,rot_birth,fold_rot_xor,,8452,49,4,2,35,2,,,,1.015626103893087,,,False,False,False,False,False
camp-wide_state-W_64-e4e6149d2b,camp-wide_state-W_64,stalled,gel,vee,64,24,2,2,3,64,hamming,rot_birth,fold_rot_xor,,9914,326,4,2,226,3,,,,0.9961971738157711,,,False,False,False,False,False
camp-wide_state-W_8-8bafc4f120,camp-wide_state-W_8,stalled,gel,vee,64,24,2,2,3,8,hamming,rot_birth,fold_rot_xor,,9527,203,4,2,148,3,,,,0.9268211550650394,,,False,False,False,False,False
camp-wide_state-compose_rule_fold_mul_add-5a343677ac,camp-wide_state-compose_rule_fold_mul_add,stalled,gel,vee,64,24,2,2,3,16,hamming,rot_birth,fold_mul_add,,8721,153,5,4,109,3,,0.0,,1.0094315451008216,,,False,False,False,False,False
camp-wide_state-compose_rule_fold_rot_xor-5c126f97e2,camp-wide_state-compose_rule_fold_rot_xor,stalled,gel,vee,64,24,2,2,3,16,hamming,rot_birth,fold_rot_xor,,9914,326,4,2,226,3,,,,0.9961971738157711,,,False,False,False,False,False
camp-wide_state-ctrl_no_causality-7d8b8486fe,camp-wide_state-ctrl_no_causality,completed,moribond,vee,64,24,2,2,3,16,hamming,rot_birth,fold_rot_xor,no_caus,20000,3963,6,5,2574,3,,0.0,1.9220559022889496e-15,1.0441300664260735,,,False,False,False,False,False
camp-wide_state-ctrl_p_inf-599c839ace,camp-wide_state-ctrl_p_inf,completed,soutenu,vee,64,24,2,2,3,16,hamming,rot_birth,fold_rot_xor,p_inf,20000,6888,6,5,4473,3,,0.0,1.9220559022889496e-15,1.0673115910077318,,,False,False,False,False,False
camp-wide_state-ctrl_trivial-fa67ce7f5f,camp-wide_state-ctrl_trivial,completed,soutenu,vee,64,24,2,2,3,16,hamming,rot_birth,fold_rot_xor,trivial,20000,40003,6,3,20001,2,,,,1.0231264766317412,,,False,False,False,False,False
camp-wide_state-f_2-5c126f97e2,camp-wide_state-f_2,stalled,gel,vee,64,24,2,2,3,16,hamming,rot_birth,fold_rot_xor,,9914,326,4,2,226,3,,,,0.9961971738157711,,,False,False,False,False,False
camp-wide_state-f_3-fd973f782f,camp-wide_state-f_3,candidate_explosion,explosion,vee,64,24,3,2,3,16,hamming,rot_birth,fold_rot_xor,,27,5820,5826,1985,23,1864,,0.0,7.316068418298045,3.3527311778164606,,,False,False,False,False,False
camp-wide_state-f_4-3ba06a1558,camp-wide_state-f_4,candidate_explosion,explosion,vee,64,24,4,2,3,16,hamming,rot_birth,fold_rot_xor,,14,1856,3718,944,12,810,,0.0,6.935788550250521,2.646514303853546,,,False,False,False,False,False
camp-wide_state-k_2-5c126f97e2,camp-wide_state-k_2,stalled,gel,vee,64,24,2,2,3,16,hamming,rot_birth,fold_rot_xor,,9914,326,4,2,226,3,,,,0.9961971738157711,,,False,False,False,False,False
camp-wide_state-k_3-9c72f7bb12,camp-wide_state-k_3,stalled,gel,vee,64,24,2,3,3,16,hamming,rot_birth,fold_rot_xor,,8193,3,6,3,1,2,,,,,,,False,False,False,False,False
camp-wide_state-m_16-8bd4b37812,camp-wide_state-m_16,completed,soutenu,vee,16,24,2,2,3,16,hamming,rot_birth,fold_rot_xor,,20000,40003,6,3,20001,2,,,,1.0231264766317412,,,False,False,False,False,False
camp-wide_state-m_24-2ab0e632eb,camp-wide_state-m_24,completed,soutenu,vee,24,24,2,2,3,16,hamming,rot_birth,fold_rot_xor,,20000,40003,6,3,20001,2,,,,1.0231264766317412,,,False,False,False,False,False
camp-wide_state-m_32-f356663ce6,camp-wide_state-m_32,completed,soutenu,vee,32,24,2,2,3,16,hamming,rot_birth,fold_rot_xor,,20000,40037,6,3,20001,3,,,,1.0238166046687718,,,False,False,False,False,False
camp-wide_state-m_48-f528f385a1,camp-wide_state-m_48,completed,soutenu,vee,48,24,2,2,3,16,hamming,rot_birth,fold_rot_xor,,20000,45045,6,3,19334,3,,,,1.0382877184466133,,,False,False,False,False,False
camp-wide_state-m_64-5c126f97e2,camp-wide_state-m_64,stalled,gel,vee,64,24,2,2,3,16,hamming,rot_birth,fold_rot_xor,,9914,326,4,2,226,3,,,,0.9961971738157711,,,False,False,False,False,False
camp-wide_state-osc_rule_rot1_xor-63e67495e7,camp-wide_state-osc_rule_rot1_xor,stalled,gel,vee,64,24,2,2,3,16,hamming,rot1_xor,fold_rot_xor,,10861,444,3,2,319,3,,,,1.0136988489033159,,,False,False,False,False,False
camp-wide_state-osc_rule_rot_birth-5c126f97e2,camp-wide_state-osc_rule_rot_birth,stalled,gel,vee,64,24,2,2,3,16,hamming,rot_birth,fold_rot_xor,,9914,326,4,2,226,3,,,,0.9961971738157711,,,False,False,False,False,False
camp-wide_state-p_1-233dd035ea,camp-wide_state-p_1,stalled,gel,vee,64,24,2,2,1,16,hamming,rot_birth,fold_rot_xor,,8344,14,6,4,11,2,,0.0,0.8300749985576878,0.758876999548124,,,False,False,False,False,False
camp-wide_state-p_2-ca98c6eea7,camp-wide_state-p_2,stalled,gel,vee,64,24,2,2,2,16,hamming,rot_birth,fold_rot_xor,,8449,60,6,4,37,3,,0.0,0.8300749985576878,0.9897670677948377,,,False,False,False,False,False
camp-wide_state-p_3-5c126f97e2,camp-wide_state-p_3,stalled,gel,vee,64,24,2,2,3,16,hamming,rot_birth,fold_rot_xor,,9914,326,4,2,226,3,,,,0.9961971738157711,,,False,False,False,False,False
camp-wide_state-p_4-774b55121d,camp-wide_state-p_4,stalled,gel,vee,64,24,2,2,4,16,hamming,rot_birth,fold_rot_xor,,12863,1419,5,3,949,3,,,,1.0062003695106225,,,False,False,False,False,False
camp-wide_state-p_5-0eb04f7c97,camp-wide_state-p_5,completed,moribond,vee,64,24,2,2,5,16,hamming,rot_birth,fold_rot_xor,,20000,3631,5,3,2466,3,,,,1.0167775302949351,,,False,False,False,False,False
camp-wide_state-predicate_block_zero-19e0acb708,camp-wide_state-predicate_block_zero,stalled,gel,vee,64,24,2,2,3,16,block_zero,rot_birth,fold_rot_xor,,8193,3,6,3,1,2,,,,,,,False,False,False,False,False
camp-wide_state-predicate_hamming-5c126f97e2,camp-wide_state-predicate_hamming,stalled,gel,vee,64,24,2,2,3,16,hamming,rot_birth,fold_rot_xor,,9914,326,4,2,226,3,,,,0.9961971738157711,,,False,False,False,False,False
camp-wide_state-s_10-0b592f753f,camp-wide_state-s_10,stalled,gel,vee,64,10,2,2,3,16,hamming,rot_birth,fold_rot_xor,,8193,3,6,3,1,2,,,,,,,False,False,False,False,False
camp-wide_state-s_12-61dfac47ff,camp-wide_state-s_12,stalled,gel,vee,64,12,2,2,3,16,hamming,rot_birth,fold_rot_xor,,8193,3,6,3,1,2,,,,,,,False,False,False,False,False
camp-wide_state-s_13-c755ba3fd4,camp-wide_state-s_13,stalled,gel,vee,64,13,2,2,3,16,hamming,rot_birth,fold_rot_xor,,8193,3,6,3,1,2,,,,,,,False,False,False,False,False
camp-wide_state-s_14-0b41998f6a,camp-wide_state-s_14,stalled,gel,vee,64,14,2,2,3,16,hamming,rot_birth,fold_rot_xor,,8193,3,6,3,1,2,,,,,,,False,False,False,False,False
camp-wide_state-s_15-d0058059fb,camp-wide_state-s_15,stalled,gel,vee,64,15,2,2,3,16,hamming,rot_birth,fold_rot_xor,,8193,3,6,3,1,2,,,,,,,False,False,False,False,False
camp-wide_state-s_16-e508228118,camp-wide_state-s_16,stalled,gel,vee,64,16,2,2,3,16,hamming,rot_birth,fold_rot_xor,,8193,3,6,3,1,2,,,,,,,False,False,False,False,False
camp-wide_state-s_18-e530dc626c,camp-wide_state-s_18,stalled,gel,vee,64,18,2,2,3,16,hamming,rot_birth,fold_rot_xor,,8193,3,6,3,1,2,,,,,,,False,False,False,False,False
camp-wide_state-s_20-1c73d37eb7,camp-wide_state-s_20,stalled,gel,vee,64,20,2,2,3,16,hamming,rot_birth,fold_rot_xor,,8300,8,6,4,5,2,,0.0,,,,,False,False,False,False,False
camp-wide_state-s_24-5c126f97e2,camp-wide_state-s_24,stalled,gel,vee,64,24,2,2,3,16,hamming,rot_birth,fold_rot_xor,,9914,326,4,2,226,3,,,,0.9961971738157711,,,False,False,False,False,False
camp-wide_state-s_8-42acb0fd62,camp-wide_state-s_8,stalled,gel,vee,64,8,2,2,3,16,hamming,rot_birth,fold_rot_xor,,8193,3,6,3,1,2,,,,,,,False,False,False,False,False
camp-wide_state-seed_braid6-8e57884f64,camp-wide_state-seed_braid6,stalled,gel,braid6,64,24,2,2,3,16,hamming,rot_birth,fold_rot_xor,,10584,662,4,2,419,4,,,,1.0123194649467289,,,False,False,False,False,False
camp-wide_state-seed_vee-5c126f97e2,camp-wide_state-seed_vee,stalled,gel,vee,64,24,2,2,3,16,hamming,rot_birth,fold_rot_xor,,9914,326,4,2,226,3,,,,0.9961971738157711,,,False,False,False,False,False
camp-wide_state-seed_wedge4-71e14c6e57,camp-wide_state-seed_wedge4,stalled,gel,wedge4,64,24,2,2,3,16,hamming,rot_birth,fold_rot_xor,,9657,647,5,4,389,3,,0.0,,1.0622255544148658,,,False,False,False,False,False
camp-wide_state-size-max_ticks_20000-ec76df81a7,camp-wide_state-size-max_ticks_20000,stalled,gel,vee,64,24,2,2,3,16,hamming,rot_birth,fold_rot_xor,,9914,326,4,2,226,3,,,,0.9961971738157711,,,False,False,False,False,False
camp-wide_state-size-max_ticks_320000-ace49838e8,camp-wide_state-size-max_ticks_320000,stalled,gel,vee,64,24,2,2,3,16,hamming,rot_birth,fold_rot_xor,,9914,326,4,2,226,3,,,,0.9961971738157711,,,False,False,False,False,False
camp-wide_state-size-max_ticks_5000-8b89354ebc,camp-wide_state-size-max_ticks_5000,completed,moribond,vee,64,24,2,2,3,16,hamming,rot_birth,fold_rot_xor,,5000,326,4,2,226,3,,,,0.9961971738157711,,,False,False,False,False,False
camp-wide_state-size-max_ticks_80000-3a70a6233c,camp-wide_state-size-max_ticks_80000,stalled,gel,vee,64,24,2,2,3,16,hamming,rot_birth,fold_rot_xor,,9914,326,4,2,226,3,,,,0.9961971738157711,,,False,False,False,False,False
pilot-W_16-38297623a2,pilot-W_16,completed,soutenu,vee,32,14,2,2,3,16,hamming,rot_birth,fold_rot_xor,,3000,5300,5,4,2561,3,,0.0,,1.024924362120036,,,False,False,False,False,False
pilot-W_32-227684a5c8,pilot-W_32,completed,soutenu,vee,32,14,2,2,3,32,hamming,rot_birth,fold_rot_xor,,3000,5300,5,4,2561,3,,0.0,,1.024924362120036,,,False,False,False,False,False
pilot-W_64-92b942c187,pilot-W_64,completed,soutenu,vee,32,14,2,2,3,64,hamming,rot_birth,fold_rot_xor,,3000,5300,5,4,2561,3,,0.0,,1.024924362120036,,,False,False,False,False,False
pilot-W_8-f70cf6e0d2,pilot-W_8,completed,soutenu,vee,32,14,2,2,3,8,hamming,rot_birth,fold_rot_xor,,3000,5300,5,4,2561,3,,0.0,,1.024924362120036,,,False,False,False,False,False
pilot-ctrl_no_causality-a262136b46,pilot-ctrl_no_causality,completed,soutenu,vee,32,14,2,2,3,16,hamming,rot_birth,fold_rot_xor,no_caus,3000,5537,6,4,2580,3,,0.0,,1.0416787952792954,,,False,False,False,False,False
pilot-ctrl_p_inf-8f54e17253,pilot-ctrl_p_inf,completed,soutenu,vee,32,14,2,2,3,16,hamming,rot_birth,fold_rot_xor,p_inf,3000,5578,6,4,2619,3,,0.0,,1.0470972599046002,,,False,False,False,False,False
pilot-ctrl_trivial-31e6224609,pilot-ctrl_trivial,completed,soutenu,vee,32,14,2,2,3,16,hamming,rot_birth,fold_rot_xor,trivial,3000,6003,6,3,3001,2,,,,1.0231264766317412,,,False,False,False,False,False
pilot-f_2-38297623a2,pilot-f_2,completed,soutenu,vee,32,14,2,2,3,16,hamming,rot_birth,fold_rot_xor,,3000,5300,5,4,2561,3,,0.0,,1.024924362120036,,,False,False,False,False,False
pilot-f_3-a643052fd3,pilot-f_3,candidate_explosion,explosion,vee,32,14,3,2,3,16,hamming,rot_birth,fold_rot_xor,,19,7328,7334,2449,19,1920,1.045891831430381,4.0,0.9967685922934708,2.0602864434934807,,,False,False,False,True,True
pilot-frozen_witness-ea798ede5b,pilot-frozen_witness,stalled,gel,antichain2,32,14,2,2,3,16,hamming,rot_birth,fold_rot_xor,,1501,2,4,2,0,2,,,,,,,False,False,False,False,False
pilot-p_2-d3731b3e59,pilot-p_2,completed,moribond,vee,32,14,2,2,2,16,hamming,rot_birth,fold_rot_xor,,3000,702,3,2,642,3,,,,0.9495645104522964,,,False,False,False,False,False
pilot-p_3-38297623a2,pilot-p_3,completed,soutenu,vee,32,14,2,2,3,16,hamming,rot_birth,fold_rot_xor,,3000,5300,5,4,2561,3,,0.0,,1.024924362120036,,,False,False,False,False,False
pilot-p_4-e32e7864c5,pilot-p_4,completed,soutenu,vee,32,14,2,2,4,16,hamming,rot_birth,fold_rot_xor,,3000,5578,6,4,2619,3,,0.0,,1.0470972599046002,,,False,False,False,False,False
pilot-s_10-0375b5fd12,pilot-s_10,stalled,gel,vee,32,10,2,2,3,16,hamming,rot_birth,fold_rot_xor,,2933,69,4,3,51,2,,,,0.9796723835834966,,,False,False,False,False,False
pilot-s_12-fe6692a7be,pilot-s_12,completed,moribond,vee,32,12,2,2,3,16,hamming,rot_birth,fold_rot_xor,,3000,915,4,3,585,3,,,,1.0083048680096904,,,False,False,False,False,False
pilot-s_13-72ee1b78fc,pilot-s_13,completed,soutenu,vee,32,13,2,2,3,16,hamming,rot_birth,fold_rot_xor,,3000,2602,3,2,1684,3,,,,1.0139604916791813,,,False,False,False,False,False
pilot-s_14-38297623a2,pilot-s_14,completed,soutenu,vee,32,14,2,2,3,16,hamming,rot_birth,fold_rot_xor,,3000,5300,5,4,2561,3,,0.0,,1.024924362120036,,,False,False,False,False,False
pilot-s_15-d75639f4f0,pilot-s_15,completed,soutenu,vee,32,15,2,2,3,16,hamming,rot_birth,fold_rot_xor,,3000,6318,6,4,2785,3,,0.0,,1.025896480407252,,,False,False,False,False,False
pilot-s_16-31071471f4,pilot-s_16,completed,soutenu,vee,32,16,2,2,3,16,hamming,rot_birth,fold_rot_xor,,3000,6778,6,3,2910,3,,,,1.0424726607352282,,,False,False,False,False,False
pilot-s_18-e0edf270c6,pilot-s_18,completed,soutenu,vee,32,18,2,2,3,16,hamming,rot_birth,fold_rot_xor,,3000,6577,6,3,2988,3,,,,1.0472635235029901,,,False,False,False,False,False
pilot-seed_braid6-43d7337c77,pilot-seed_braid6,completed,soutenu,braid6,32,14,2,2,3,16,hamming,rot_birth,fold_rot_xor,,3000,14325,12,6,2946,6,,0.0,1.3865940776186367,1.197941815023158,,,False,False,False,False,False
pilot-seed_vee-38297623a2,pilot-seed_vee,completed,soutenu,vee,32,14,2,2,3,16,hamming,rot_birth,fold_rot_xor,,3000,5300,5,4,2561,3,,0.0,,1.024924362120036,,,False,False,False,False,False
pilot-seed_wedge4-8b917e6f73,pilot-seed_wedge4,completed,soutenu,wedge4,32,14,2,2,3,16,hamming,rot_birth,fold_rot_xor,,3000,6146,5,4,2619,4,,0.0,,1.0707076633969583,,,False,False,False,False,False
